measured,kalman_estimate,kalman_gain,error_covariance
15.393,15.393,0.9090917355296769,0.09090917355296778
14.123,14.788202963309317,0.47621813912652183,0.047621813912652175
15.695,15.08077125576253,0.3226392242313978,0.03226392242313978
17.446,15.657870714265822,0.24399308519707008,0.024399308519707008
13.932,15.319252075267693,0.19620162518498735,0.019620162518498734
13.932,15.091617312275387,0.16409041085657028,0.01640904108565703
17.558,15.43946108684237,0.14103398320878177,0.014103398320878178
15.935,15.500748702212677,0.1236787137054001,0.012367871370540011
13.461,15.2760803866778,0.11014509546747726,0.011014509546747727
15.485,15.296825682297445,0.09929798016451287,0.009929798016451288
13.473,15.13193126529533,0.0904112814084296,0.009041128140842961
13.469,14.99390973146798,0.08299894091102976,0.008299894091102978
14.884,14.985477092550317,0.07672331471502737,0.007672331471502738
10.573,14.670679751406611,0.07134254400440618,0.007134254400440619
10.95,14.4225891483653,0.06667883817399767,0.006667883817399767
13.275,14.350751699695905,0.06259857787233838,0.0062598577872338395
12.374,14.23412453658649,0.058999399432592775,0.005899939943259277
15.028,14.278424026452262,0.05580156070738494,0.005580156070738495
12.584,14.188717797099484,0.052942019206728475,0.005294201920672847
11.575,14.057064105161192,0.05037027795594118,0.005037027795594119
17.331,14.214361706140416,0.04804541262618951,0.004804541262618951
13.948,14.202126672627447,0.04593390577893039,0.004593390577893039
14.535,14.216775776546479,0.04400804364429391,0.004400804364429391
11.551,14.104160846498232,0.04224471204181298,0.004224471204181298
13.311,14.071939099450638,0.04062448012890609,0.004062448012890609
14.622,14.09346347467369,0.03913089478193294,0.003913089478193295
12.098,14.018134865786884,0.03774993120288726,0.0037749931202887264
15.151,14.059449959716137,0.03646956083430915,0.0036469560834309148
13.199,14.02909379421057,0.03527940836394541,0.003527940836394541
13.817,14.021846448072317,0.03417047710061201,0.003417047710061201
13.197,13.994515220955183,0.033134927332241965,0.003313492733224197
18.105,14.12673264732942,0.032165896112370876,0.003216589611237088
14.373,14.134430312094926,0.031257349713758695,0.0031257349713758697
12.285,14.078200303084294,0.030403962043283606,0.0030403962043283606
16.045,14.136419568134475,0.029601013840645833,0.0029601013840645832
11.958,14.073584561783875,0.028844308630779195,0.00288443086307792
14.818,14.094525044191437,0.028130102268892978,0.0028130102268892976
10.481,13.995315556622813,0.0274550435808098,0.00274550435808098
11.744,13.934943999240625,0.026816124112228928,0.002681612411222893
14.794,13.957460402861987,0.026210635396827536,0.0026210635396827536
15.877,14.00666997424146,0.025636132462618796,0.00256361324626188
14.743,14.025144790989534,0.025090402539326272,0.0025090402539326272
14.169,14.02867952035627,0.024571438122061397,0.0024571438122061398
13.798,14.023125354112574,0.024077413699826845,0.002407741369982685
11.443,13.962217197723495,0.023606665580025117,0.002360666558002512
12.96,13.939008178241806,0.023157674338862573,0.0023157674338862575
13.479,13.928552629584745,0.022729049507387862,0.0022729049507387864
16.514,13.986258563969756,0.022319516167811942,0.002231951616781194
15.087,14.01039551561379,0.02192790318776757,0.002192790318776757
10.874,13.942796366352798,0.02155313286365391,0.0021553132863653913
15.048,13.966220286224386,0.02119421178004028,0.002119421178004028
13.63,13.95921001837304,0.020850222721742487,0.0020850222721742486
13.046,13.940470658852027,0.02052031749980079,0.002052031749980079
15.623,13.974463994691344,0.020203710573109195,0.00202037105731092
16.462,14.023965148679705,0.01989967336461465,0.0019899673364614655
16.263,14.067867089874138,0.019607529185419123,0.0019607529185419123
12.722,14.041855989441666,0.019326648692260064,0.0019326648692260064
13.782,14.0369040578594,0.01905644581410633,0.0019056445814106331
15.063,14.056190941042471,0.01879637409230541,0.0018796374092305411
16.351,14.098750294035659,0.018545923386114164,0.0018545923386114162
13.442,14.086728731503223,0.018304616901751926,0.0018304616901751926
14.029,14.08568545737631,0.01807200850850764,0.001807200850850764
12.187,14.051798326323706,0.017847680310056173,0.0017847680310056177
12.008,14.01576362661506,0.017631240443113445,0.0017631240443113443
16.025,14.050769187835748,0.017422321078984837,0.001742232107898484
17.112,14.103485347546862,0.017220576606520138,0.001722057660652014
14.256,14.106082013516446,0.01702568197754974,0.001702568197754974
16.407,14.144823331714536,0.016837331198100394,0.0016837331198100397
15.123,14.161115094926224,0.0166552359506222,0.00166552359506222
13.11,14.14379363858744,0.016479124334143978,0.0016479124334143978
15.123,14.159763260258824,0.016308739710746322,0.0016308739710746323
17.476,14.213300054420111,0.016143839648029776,0.0016143839648029776
14.328,14.21513344071083,0.015984194948385357,0.0015984194948385358
17.529,14.26759058553951,0.015829588756867137,0.0015829588756867139
9.161,14.187520186096895,0.01567981574034007,0.001567981574034007
16.044,14.216360008403958,0.01553468133134652,0.001553468133134652
14.574,14.221865518803249,0.015394001030815303,0.0015394001030815303
13.802,14.215459378762501,0.015257599764338868,0.001525759976433887
14.584,14.221033670380725,0.01512531128727782,0.0015125311287277822
10.425,14.1641046383265,0.014996977634425352,0.0014996977634425355
13.961,14.161083975030458,0.014872448610385228,0.0014872448610385228
15.114,14.175140993261252,0.014751581317191656,0.0014751581317191658
17.356,14.221690446468772,0.014634239716033708,0.0014634239716033708
13.363,14.209222008541932,0.014520294220245275,0.0014520294220245276
12.783,14.188670689484887,0.014409621316988584,0.0014409621316988585
13.396,14.177333831468133,0.014302103215298123,0.0014302103215298124
16.231,14.206491018776019,0.014197627518366255,0.0014197627518366257
15.058,14.218493963386932,0.014096086918144117,0.0014096086918144117
13.34,14.206197350510815,0.013997378910504397,0.0013997378910504399
15.427,14.22316822321269,0.013901405529368313,0.0013901405529368313
14.594,14.228288695493756,0.013808073098339303,0.0013808073098339304
16.337,14.257214504198233,0.013717291998512723,0.0013717291998512724
12.996,14.240025441420546,0.013628976451245018,0.0013628976451245018
13.745,14.23332128993045,0.013543044314769381,0.0013543044314769381
13.616,14.225012505331957,0.013459416893638516,0.0013459416893638516
11.473,14.188196030407706,0.013378018760059946,0.0013378018760059947
14.992,14.198885640622272,0.013298777586266384,0.0013298777586266384
14.922,14.208446386781661,0.013221623987133536,0.0013221623987133538
14.41,14.211096109618897,0.013146491372321377,0.0013146491372321377
13.931,14.20743432472146,0.013073315807272706,0.0013073315807272709
11.569,14.173129306957929,0.013002035882455628,0.001300203588245563
13.559,14.165187022833289,0.012932592590284541,0.0012932592590284542
13.715,14.159395398653638,0.01286492920919821,0.001286492920919821
12.795,14.141932513960572,0.012798991194413488,0.0012798991194413489
14.077,14.14110561618193,0.012734726074909958,0.0012734726074909958
15.208,14.15462539074597,0.012672083356234265,0.0012672083356234265
18.172,14.205288559908942,0.012611014428743678,0.0012611014428743678
14.749,14.212112939086815,0.012551472480936514,0.0012551472480936516
14.915,14.220894397021757,0.01249341241754298,0.0012493412417542982
14.251,14.221268814107365,0.012436790782073631,0.0012436790782073633
10.562,14.17596133693175,0.012381565683544532,0.0012381565683544531
14.347,14.178069849698666,0.01232769672711819,0.0012327696727118189
14.52,14.182267091855849,0.012275144948417834,0.0012275144948417835
19.326,14.245143428391623,0.01222387275128961,0.0012223872751289612
14.015,14.242341698231556,0.012173843848802894,0.0012173843848802895
15.003,14.251564697793318,0.012125023207293462,0.0012125023207293464
14.331,14.252524067884643,0.012077376993267535,0.0012077376993267536
12.063,14.226182182937888,0.012030872522997055,0.0012030872522997057
16.686,14.25566427579629,0.011985478214648003,0.0011985478214648004
15.904,14.275347322252436,0.011941163542794017,0.0011941163542794017
15.982,14.295652903432126,0.01189789899517744,0.001189789899517744
12.581,14.275324568395469,0.011855656031588871,0.0011855656031588872
17.206,14.309948760860477,0.011814407044744723,0.0011814407044744724
11.596,14.27799438802977,0.01177412532305007,0.001177412532305007
15.574,14.293202735264657,0.011734785015141233,0.0011734785015141234
18.781,14.345693632599133,0.011696361096109317,0.0011696361096109318
12.419,14.323230640355227,0.011658829335312065,0.0011658829335312066
13.267,14.310954952238106,0.011622166265687229,0.0011622166265687229
14.599,14.314292342733696,0.01158634915448604,0.0011586349154486038
13.393,14.303650166925415,0.011551355975350334,0.0011551355975350337
11.299,14.269045114038898,0.011517165381661615,0.0011517165381661617
14.537,14.272122242750786,0.01148375668109458,0.001148375668109458
12.275,14.249252976642433,0.011451109811311849,0.001145110981131185
15.347,14.261788375287994,0.011419205316740266,0.0011419205316740267
12.561,14.242419755896202,0.011388024326372747,0.0011388024326372747
17.5,14.279417881617265,0.011357548532542934,0.0011357548532542935
12.833,14.263033206747805,0.011327760170623013,0.0011327760170623015
13.756,14.257304420062853,0.01129864199959788,0.0011298641999597883
16.027,14.277249202986521,0.01127017728347159,0.001127017728347159
11.938,14.250950545239249,0.011242349773464501,0.0011242349773464503
14.855,14.257725046670839,0.011215143690961948,0.001121514369096195
17.014,14.288563749466185,0.011188543711177367,0.0011188543711177369
11.185,14.25392011065099,0.011162534947495027,0.0011162534947495026
14.769,14.259656608399169,0.011137102936459304,0.0011137102936459304
14.92,14.266994498438292,0.011112233623379406,0.0011112233623379406
15.964,14.28581074839157,0.011087913348520013,0.0011087913348520014
11.926,14.259701498247862,0.011064128833850037,0.0011064128833850038
11.759,14.23209158517308,0.011040867170323125,0.0011040867170323124
15.444,14.245444532433503,0.011018115805664972,0.0011018115805664975
14.994,14.253675545452923,0.010995862532643867,0.001099586253264387
14.901,14.26077934582224,0.010974095477802068,0.001097409547780207
15.093,14.269894494775402,0.0109528030906269,0.0010952803090626903
13.04,14.256449319972024,0.010931974133141464,0.0010931974133141463
14.865,14.263089580154231,0.010911597669895924,0.0010911597669895925
14.986,14.270963276868555,0.0108916630583414,0.00108916630583414
12.971,14.256829868206873,0.010872159939569258,0.0010872159939569258
18.132,14.298887392799458,0.010853078229399626,0.001085307822939963
15.348,14.310253906939009,0.010834408109803708,0.0010834408109803707
12.017,14.285449751578664,0.010816140020645192,0.0010816140020645192
15.713,14.300864816964756,0.010798264651726957,0.0010798264651726958
12.451,14.280921844412374,0.010780772935129738,0.001078077293512974
15.974,14.299145555324284,0.01076365603783027,0.001076365603783027
16.717,14.32513000820238,0.01074690535458692,0.0010746905354586922
12.759,14.308324630571047,0.01073051250108148,0.001073051250108148
16.327,14.32995366585821,0.010714469307306245,0.0010714469307306245
15.226,14.339540257535257,0.010698767811186175,0.0010698767811186177
16.044,14.357749683178154,0.010683400252426258,0.0010683400252426258
18.194,14.398676179027271,0.010668359066574781,0.0010668359066574782
13.909,14.393459346827475,0.010653636879293644,0.0010653636879293645
12.893,14.377495619981294,0.01063922650082719,0.0010639226500827191
12.621,14.358832641622381,0.01062512092066153,0.001062512092066153
12.768,14.341951818050495,0.010611313302366622,0.0010611313302366623
14.246,14.340934940163066,0.010597796978613816,0.0010597796978613816
15.082,14.348778791788922,0.010584565446361785,0.0010584565446361788
14.953,14.355166384183152,0.010571612362204249,0.001057161236220425
16.054,14.373104252026799,0.010558931537873016,0.0010558931537873017
14.426,14.373662117928635,0.010546516935890343,0.0010546516935890343
17.307,14.404562962998428,0.010534362665364725,0.0010534362665364726
13.871,14.398948566473885,0.010522462977924602,0.0010522462977924603
19.84,14.456138436609274,0.010510812263784634,0.0010510812263784637
15.651,14.468683772139528,0.010499405047939517,0.0010499405047939517
12.686,14.449986564048059,0.010488235986480436,0.0010488235986480436
12.258,14.427020463520796,0.01047729986302956,0.001047729986302956
15.365,14.436837912244481,0.010466591585288107,0.0010466591585288107
13.953,14.431778851659324,0.010456106181693741,0.0010456106181693742
15.828,14.446363552701506,0.010445838798183263,0.0010445838798183262
15.346,14.45575196496934,0.010435784695056646,0.0010435784695056647
14.254,14.453648511240223,0.010425939243938765,0.0010425939243938766
12.706,14.43544448367925,0.010416297924835186,0.0010416297924835186
11.37,14.403542843370612,0.010406856323278632,0.0010406856323278632
13.507,14.394220940422588,0.010397610127562861,0.0010397610127562862
16.113,14.412076571432527,0.01038855512606078,0.0010388555126060782
14.828,14.416393726522132,0.010379687204623816,0.0010379687204623818
11.909,14.390389540306892,0.010371002344059653,0.0010371002344059653
14.746,14.394074552492675,0.010362496617685558,0.001036249661768556
15.171,14.402118967692594,0.010354166188954666,0.0010354166188954667
12.632,14.383805303914777,0.010346007309152645,0.0010346007309152646
14.707,14.38714649595588,0.01033801631516232,0.001033801631516232
14.516,14.388477577086798,0.010330189627293906,0.0010330189627293907
12.114,14.364999228284894,0.01032252374717859,0.001032252374717859
15.116,14.372745812702195,0.010315015255723304,0.0010315015255723304
15.522,14.384591935050626,0.010307660811124619,0.001030766081112462
16.566,14.407061435343625,0.010300457146939746,0.0010300457146939748
16.508,14.42868723861351,0.010293401070212737,0.0010293401070212737
11.645,14.400052869174537,0.010286489459654036,0.0010286489459654037
12.524,14.380767572355243,0.01027971926387163,0.0010279719263871633
15.43,14.39154642889191,0.010273087499652056,0.0010273087499652056
15.428,14.40218727405638,0.01026659125028964,0.001026659125028964
15.43,14.41273286662048,0.010260227663962427,0.0010260227663962428
22.105,14.4916093272845,0.010253993952153225,0.0010253993952153227
15.542,14.502373612612015,0.010247887388114343,0.0010247887388114343
16.671,14.52458447871438,0.010241905305374596,0.0010241905305374596
16.308,14.542839600415677,0.010236045096287248,0.0010236045096287249
15.703,14.554708394236537,0.010230304210617568,0.001023030421061757
13.769,14.546674777211022,0.010224680154168742,0.0010224680154168743
15.918,14.560688583456436,0.010219170487444954,0.0010219170487444954
12.854,14.543256853983099,0.010213772824350448,0.001021377282435045
13.926,14.53695559675243,0.010208484830923476,0.0010208484830923478
13.429,14.525650788731966,0.010203304224104004,0.0010203304224104006
14.564,14.526041882761646,0.010198228770534182,0.0010198228770534183
19.029,14.571941688893036,0.010193256285390546,0.0010193256285390545
10.665,14.53213626423474,0.010188384631246985,0.0010188384631246987
15.773,14.544772738713439,0.010183611716967552,0.001018361171696755
11.175,14.510472039367778,0.010178935496628167,0.001017893549662817
13.456,14.4997434675894,0.01017435396846644,0.001017435396846644
16.578,14.520879056320707,0.010169865173858636,0.0010169865173858636
14.529,14.520961609507282,0.010165467196323115,0.0010165467196323115
12.245,14.49783520362574,0.010161158160549345,0.0010161158160549345
12.969,14.482306921954116,0.010156936231451804,0.0010156936231451804
15.759,14.495268930943137,0.01015279961324801,0.0010152799613248012
12.939,14.479474752001597,0.010148746548559984,0.0010148746548559984
14.833,14.483061186211618,0.010144775317538445,0.0010144775317538447
14.491,14.483141692803224,0.01014088423700912,0.0010140884237009123
13.097,14.469090275132864,0.010137071659640479,0.0010137071659640478
18.688,14.511841904815258,0.01013333597313231,0.0010133335973132312
15.668,14.523553411261128,0.01012967559942456,0.001012967559942456
10.35,14.481291637997796,0.010126088993925794,0.0010126088993925796
14.773,14.484244477666664,0.010122574644760815,0.0010122574644760816
13.076,14.469994267215682,0.010119131072036802,0.0010119131072036803
16.105,14.486533587619489,0.010115756827127537,0.0010115756827127535
12.815,14.469630286969013,0.01011245049197515,0.001011245049197515
14.171,14.46661137048309,0.010109210678408953,0.0010109210678408951
15.41,14.476145289960904,0.010106036027480808,0.001010603602748081
16.132,14.492874266253096,0.010102925208816681,0.0010102925208816682
11.999,14.467686443110026,0.010099876919983833,0.0010099876919983832
13.731,14.460248201213528,0.010096889885873294,0.0010096889885873295
13.45,14.450050793393018,0.010093962858097183,0.0010093962858097184
13.093,14.436356665440341,0.010091094614400442,0.0010091094614400442
17.931,14.471611619731613,0.010088283958086643,0.0010088283958086643
15.21,14.479058657683835,0.010085529717457464,0.0010085529717457466
11.878,14.452832623479901,0.01008283074526547,0.001008283074526547
16.236,14.470807282158457,0.010080185918179836,0.0010080185918179838
18.644,14.51286302462128,0.010077594136264705,0.0010077594136264703
16.465,14.532530910693122,0.010075054322469785,0.0010075054322469786
11.361,14.50058545810685,0.010072565422132952,0.0010072565422132953
13.432,14.489824667471845,0.01007012640249443,0.0010070126402494431
16.934,14.514431980073926,0.010067736252222353,0.0010067736252222354
12.985,14.49903764462742,0.010065393980949354,0.0010065393980949356
15.288,14.50697705061607,0.010063098618819905,0.0010063098618819904
15.949,14.521485026075903,0.01006084921604813,0.001006084921604813
12.546,14.501614323806956,0.010058644842485852,0.0010058644842485852
14.281,14.499395719259876,0.010056484587200548,0.0010056484587200548
7.917,14.433213893285817,0.010054367558063031,0.0010054367558063034
12.351,14.412282869388903,0.01005229288134456,0.001005229288134456
13.895,14.4070840422125,0.010050259701323153,0.0010050259701323153
11.904,14.381932384982607,0.010048267179898897,0.0010048267179898897
17.665,14.41491511475542,0.010046314496217986,0.0010046314496217985
11.54,14.386038314943715,0.010044400846305293,0.0010044400846305295
13.52,14.377341103131535,0.010042525442705272,0.0010042525442705273
14.661,14.380189233475594,0.010040687514130946,0.0010040687514130946
17.283,14.409330220726014,0.010038886305120827,0.0010038886305120827
11.528,14.380409960441504,0.010037121075703537,0.0010037121075703538
16.726,14.403948873851247,0.010035391101069954,0.0010035391101069955
14.42,14.404109925966205,0.010033695671252695,0.0010033695671252698
12.437,14.384375812128535,0.01003203409081277,0.001003203409081277
15.324,14.39380062391825,0.010030405678533189,0.001003040567853319
14.798,14.397854262568961,0.010028809767119435,0.0010028809767119436
13.2,14.385843083561909,0.01002724570290653,0.001002724570290653
14.54,14.387388616539276,0.01002571284557263,0.001002571284557263
13.629,14.37978636935482,0.010024210567858936,0.0010024210567858936
14.627,14.382264126867918,0.010022738255295786,0.0010022738255295786
15.724,14.39571005827514,0.010021295305934784,0.0010021295305934785
17.572,14.427536105925913,0.010019881130086812,0.0010019881130086813
11.924,14.40245444159068,0.010018495150065795,0.0010018495150065797
18.666,14.445162960702033,0.010017136799938079,0.0010017136799938078
10.496,14.405608912500014,0.010015805525277272,0.0010015805525277273
14.096,14.402508333803382,0.010014500782924471,0.0010014500782924473
15.577,14.414268779642024,0.010013222040753672,0.0010013222040753673
14.962,14.419752647518678,0.010011968777442306,0.0010011968777442306
13.155,14.407091536990134,0.010010740482246748,0.001001074048224675
13.984,14.402856586742303,0.010009536654782705,0.0010009536654782705
13.414,14.392959757193399,0.010008356804810332,0.0010008356804810331
13.221,14.381231720981459,0.010007200452024013,0.0010007200452024014
16.099,14.398419825687968,0.010006067125846674,0.0010006067125846675
15.114,14.405579174107784,0.010004956365228508,0.001000495636522851
13.014,14.39165800013026,0.010003867718450054,0.0010003867718450055
16.199,14.409736482029285,0.010002800742929481,0.0010002800742929482
15.015,14.415790179449512,0.010001755005034025,0.0010001755005034027
16.026,14.431893453236835,0.010000730079895447,0.001000073007989545
15.659,14.444164181926585,0.009999725551229448,0.0009999725551229448
12.742,14.42714468311303,0.00999874101115892,0.0009998741011158921
13.28,14.4156757874628,0.009997776060041003,0.0009997776060041003
15.895,14.430464340583532,0.009996830306297777,0.0009996830306297777
15.621,14.442364819989134,0.009995903366250595,0.0009995903366250595
14.358,14.441521594046645,0.009994994863957904,0.0009994994863957904
14.635,14.443455237440897,0.00999410443105653,0.000999410443105653
16.955,14.468553686194664,0.0099932317066063,0.00099932317066063
13.217,14.456047690756325,0.009992376336937975,0.0009992376336937976
15.494,14.466418430670895,0.009991537975504377,0.0009991537975504378
13.996,14.461718613595894,0.009990716282734671,0.0009990716282734671
13.965,14.456756438890839,0.009989910925891706,0.0009989910925891708
16.598,14.478145581152864,0.009989121578932376,0.0009989121578932378
16.051,14.493855798319547,0.0099883479223709,0.00099883479223709
16.027,14.5091682134697,0.009987589643144985,0.0009987589643144987
17.011,14.53415362332669,0.009986846434484798,0.00099868464344848
14.442,14.53323336637041,0.009986117995784673,0.0009986117995784674
15.764,14.545523068476895,0.009985404032477522,0.0009985404032477523
13.779,14.53786956233282,0.009984704255911853,0.0009984704255911856
15.048,14.542962714000334,0.00998401838323138,0.000998401838323138
14.14,14.53893979774606,0.009983346137257118,0.0009983346137257118
14.594,14.539489446524884,0.009982687246371967,0.0009982687246371967
15.59,14.54997568640746,0.009982041444407681,0.000998204144440768
12.764,14.532149133562985,0.009981408470534194,0.0009981408470534194
18.585,14.57259977913677,0.009980788069151246,0.0009980788069151247
12.388,14.550797080135347,0.009980179989782267,0.0009980179989782269
11.972,14.525061758088782,0.009979583986970457,0.0009979583986970458
16.716,14.546925130410832,0.00997899982017702,0.0009978999820177022
15.983,14.561254899027867,0.009978427253681517,0.0009978427253681517
15.648,14.572098296082908,0.009977866056484262,0.0009977866056484262
15.657,14.582922703214226,0.009977316002210765,0.0009977316002210766
14.376,14.580858281575123,0.009976776869018123,0.0009976776869018123
12.605,14.56114662847688,0.009976248439503357,0.0009976248439503357
14.552,14.561055384176205,0.009975730500613643,0.0009975730500613644
13.046,14.545942369098714,0.009975222843558383,0.0009975222843558386
16.35,14.563937348326878,0.009974725263723104,0.0009974725263723104
14.106,14.559369772426802,0.009974237560585101,0.0009974237560585102
12.749,14.541313579642422,0.009973759537630857,0.0009973759537630857
13.757,14.533491392075613,0.00997329100227512,0.000997329100227512
15.226,14.540397663918798,0.009972831765781669,0.0009972831765781669
13.273,14.527758690720518,0.00997238164318569,0.000997238164318569
12.756,14.510090818559181,0.009971940453217759,0.000997194045321776
14.887,14.513849171484063,0.00997150801822937,0.000997150801822937
14.89,14.5175998030536,0.009971084164119995,0.0009971084164119997
13.386,14.506316996293434,0.009970668720265644,0.0009970668720265645
13.458,14.495865001685106,0.009970261519448863,0.0009970261519448862
14.864,14.499535256962115,0.009969862397790194,0.0009969862397790196
11.504,14.46967135450518,0.009969471194681025,0.0009969471194681025
11.585,14.440913812634367,0.009969087752717785,0.0009969087752717785
12.963,14.426180915597117,0.00996871191763753,0.000996871191763753
13.973,14.421663452545463,0.009968343538254798,0.0009968343538254798
15.022,14.427647596724428,0.009967982466399784,0.0009967982466399785
17.351,14.456786487621077,0.009967628556857755,0.0009967628556857757
16.115,14.473314368763496,0.009967281667309704,0.0009967281667309705
14.08,14.46939422739667,0.009966941658274215,0.0009966941658274217
14.362,14.468323871188533,0.00996660839305051,0.0009966608393050511
12.395,14.447660541354846,0.00996628173766265,0.000996628173766265
14.363,14.446816817653987,0.009965961560804874,0.0009965961560804873
13.823,14.440600078998836,0.00996564773378804,0.000996564773378804
15.045,14.446623129786452,0.009965340130487174,0.0009965340130487176
12.746,14.429676354607668,0.009965038627290057,0.0009965038627290058
15.439,14.439734005441833,0.00996474310304687,0.000996474310304687
17.465,14.469879127585262,0.00996445343902085,0.0009964453439020853
14.182,14.467010651157066,0.009964169518839976,0.0009964169518839978
15.203,14.474343968974235,0.009963891228449578,0.000996389122844958
15.78,14.487353027502238,0.00996361845606596,0.0009963618456065959
13.598,14.478492091044384,0.009963351092130925,0.0009963351092130924
14.848,14.482173531238328,0.00996308902926725,0.0009963089029267251
14.425,14.481603920942478,0.009962832162235032,0.0009962832162235034
14.595,14.482733638495759,0.009962580387888933,0.0009962580387888934
12.854,14.466507650635156,0.009962333605136282,0.0009962333605136283
14.449,14.466333237813817,0.009962091714896034,0.0009962091714896034
15.396,14.475594442943816,0.009961854620058544,0.0009961854620058545
17.302,14.50375002735911,0.009961622225446162,0.000996162222544616
16.319,14.521832448339746,0.009961394437774612,0.0009961394437774612
18.706,14.563511657507446,0.00996117116561517,0.000996117116561517
12.865,14.54659286387314,0.009960952319357582,0.0009960952319357584
16.145,14.56251417827161,0.009960737811173742,0.0009960737811173742
14.767,14.564550964933538,0.009960527554982095,0.0009960527554982097
18.78,14.60653819244808,0.00996032146641277,0.000996032146641277
12.783,14.588375534206367,0.009960119462773396,0.0009960119462773395
12.721,14.569776620543715,0.009959921463015617,0.0009959921463015618
13.201,14.55614397854844,0.009959727387702287,0.0009959727387702287
10.152,14.512280742940609,0.009959537158975304,0.0009959537158975304
13.348,14.500685262707798,0.009959350700524115,0.0009959350700524114
12.882,14.484564504338445,0.009959167937554836,0.0009959167937554836
14.701,14.486719983014961,0.009958988796759998,0.0009958988796759998
15.084,14.492668183135963,0.009958813206288912,0.0009958813206288914
18.152,14.529110155350256,0.009958641095718609,0.0009958641095718609
16.301,14.546755471456999,0.009958472396025368,0.0009958472396025368
13.246,14.533802149088846,0.00995830703955684,0.0009958307039556842
12.603,14.51457494139913,0.0099581449600047,0.00099581449600047
15.384,14.523232664041043,0.009957986092377852,0.0009957986092377852
11.76,14.495716861891454,0.0099578303729762,0.0009957830372976202
18.063,14.53123871778581,0.009957677739364908,0.000995767773936491
16.759,14.55342171342116,0.009957528130349195,0.0009957528130349197
13.462,14.542554011058577,0.00995738148594964,0.0009957381485949642
10.974,14.507021070356108,0.009957237747377964,0.0009957237747377963
17.108,14.532919269481624,0.00995709685701331,0.000995709685701331
14.171,14.529315654241532,0.009956958758379004,0.0009956958758379007
16.876,14.55268117583869,0.009956823396119767,0.0009956823396119767
11.211,14.519409089899453,0.009956690715979377,0.0009956690715979377
13.201,14.506282269814873,0.00995656066477881,0.000995656066477881
14.41,14.505323641828042,0.009956433190394787,0.000995643319039479
14.494,14.505210900159582,0.009956308241738767,0.0009956308241738767
13.5,14.495202833700835,0.009956185768736341,0.0009956185768736341
15.646,14.506660245921555,0.009956065722307074,0.0009956065722307073
12.265,14.48434239295767,0.009955948054344707,0.0009955948054344707
14.115,14.48066528187783,0.009955832717697793,0.0009955832717697792
14.641,14.482261529384205,0.009955719666150687,0.0009955719666150686
15.429,14.491686887285073,0.009955608854404942,0.0009955608854404943
15.823,14.50494077529564,0.009955500238061066,0.0009955500238061066
12.151,14.481506367957838,0.009955393773600633,0.0009955393773600633
11.332,14.450152120539823,0.009955289418368774,0.0009955289418368774
16.955,14.475088349913428,0.009955187130557003,0.0009955187130557003
15.065,14.480960971635184,0.009955086869186384,0.0009955086869186385
12.903,14.465252388160636,0.00995498859409104,0.000995498859409104
17.502,14.495482883475232,0.00995489226590199,0.000995489226590199
14.631,14.496831928974913,0.009954797846031312,0.0009954797846031314
16.759,14.519351145453474,0.009954705296656614,0.0009954705296656614
14.535,14.519506923769114,0.009954614580705816,0.0009954614580705817
18.521,14.559339889282139,0.009954525661842248,0.0009954525661842247
17.911,14.592703783742099,0.009954438504450023,0.0009954438504450023
13.902,14.585828274409446,0.009954353073619731,0.0009954353073619731
16.343,14.603319635034056,0.009954269335134384,0.0009954269335134384
15.691,14.61414660906101,0.00995418725545567,0.000995418725545567
17.137,14.639259361159473,0.00995410680171047,0.0009954106801710468
12.47,14.617666492865746,0.00995402794167763,0.000995402794167763
15.772,14.629156671622216,0.009953950643775036,0.0009953950643775036
16.517,14.647948027900355,0.009953874877046893,0.0009953874877046895
10.883,14.610472485919288,0.009953800611151305,0.0009953800611151307
12.033,14.584817026340321,0.009953727816348073,0.0009953727816348072
10.322,14.542386410093428,0.009953656463486744,0.0009953656463486742
13.861,14.53560417150429,0.009953586523994905,0.0009953586523994908
15.835,14.548537731233191,0.009953517969866713,0.0009953517969866713
17.405,14.576969387812154,0.009953450773651623,0.0009953450773651624
14.548,14.576681044344697,0.00995338490844338,0.0009953384908443382
17.657,14.607340445683949,0.00995332034786921,0.0009953320347869212
11.64,14.577805743425483,0.009953257066079224,0.0009953257066079226
10.993,14.542125472688772,0.009953195037736041,0.0009953195037736041
14.289,14.539606080880043,0.009953134238004611,0.0009953134238004614
15.168,14.545860532461964,0.009953074642542257,0.0009953074642542257
14.335,14.543761834160632,0.009953016227488877,0.0009953016227488877
10.265,14.501175493185151,0.00995295896945739,0.0009952958969457392
14.222,14.498396886624628,0.00995290284552434,0.0009952902845524342
11.791,14.471450577387918,0.009952847833220686,0.0009952847833220686
15.739,14.484066235562578,0.009952793910522794,0.0009952793910522795
15.133,14.490524905282417,0.0099527410558436,0.00099527410558436
12.52,14.47091288324465,0.009952689248023937,0.0009952689248023936
13.372,14.45997580061173,0.00995263846632405,0.0009952638466324052
12.282,14.438299303290563,0.00995258869041528,0.0009952588690415281
14.275,14.436674060458861,0.009952539900371895,0.0009952539900371896
16.31,14.455318322029152,0.009952492076663105,0.0009952492076663105
12.429,14.435151499971106,0.00995244520014522,0.000995244520014522
15.408,14.444833676655156,0.00995239925205398,0.0009952399252053982
13.339,14.433828028203317,0.009952354213997022,0.0009952354213997022
12.814,14.417706997409887,0.009952310067946495,0.0009952310067946495
14.186,14.41540098755311,0.009952266796231846,0.0009952266796231844
12.33,14.39464660899951,0.009952224381532713,0.0009952224381532713
13.293,14.383682820558176,0.009952182806872002,0.0009952182806872002
12.004,14.35999987908069,0.009952142055609061,0.000995214205560906
18.329,14.399499773564369,0.00995210211143301,0.000995210211143301
14.471,14.400211348319393,0.009952062958356203,0.0009952062958356205
13.001,14.386286362587313,0.009952024580707822,0.0009952024580707822
14.828,14.39068229094828,0.009951986963127579,0.000995198696312758
14.175,14.388535831553346,0.009951950090559578,0.000995195009055958
13.958,14.38425117600609,0.009951913948246264,0.0009951913948246264
15.628,14.396628813214013,0.00995187852172251,0.000995187852172251
15.915,14.411739406090485,0.00995184379680982,0.000995184379680982
13.339,14.401063707599434,0.009951809759610646,0.0009951809759610648
13.248,14.389588675410481,0.009951776396502817,0.0009951776396502818
13.85,14.384218827212539,0.009951743694134076,0.0009951743694134076
9.796,14.338558196505577,0.009951711639416726,0.0009951711639416727
11.37,14.309016054620912,0.0099516802195224,0.00099516802195224
17.134,14.337129304467755,0.009951649421876898,0.0009951649421876898
17.69,14.37049579697105,0.009951619234155162,0.0009951619234155164
13.902,14.365833519049525,0.009951589644276337,0.0009951589644276338
15.553,14.377647678274952,0.009951560640398916,0.0009951560640398915
15.023,14.384069922691989,0.00995153221091601,0.000995153221091601
20.558,14.445509814678655,0.009951504344450692,0.0009951504344450693
16.639,14.467338281873085,0.00995147702985144,0.000995147702985144
14.144,14.464120597045104,0.009951450256187662,0.000995145025618766
12.489,14.444465334507601,0.009951424012745319,0.000995142401274532
11.187,14.412048999551232,0.009951398289022645,0.0009951398289022645
14.807,14.415979304302933,0.009951373074725918,0.0009951373074725918
12.887,14.400763898610943,0.009951348359765353,0.0009951348359765356
11.555,14.372444779646315,0.009951324134251057,0.000995132413425106
13.107,14.359851958519009,0.009951300388489057,0.0009951300388489057
12.237,14.338726870409959,0.009951277112977426,0.0009951277112977427
17.774,14.372912146906978,0.009951254298402476,0.0009951254298402475
16.163,14.39072572631827,0.009951231935635024,0.0009951231935635024
14.384,14.390658797203168,0.00995121001572674,0.000995121001572674
17.36,14.420207271321818,0.009951188529906558,0.0009951188529906559
14.555,14.421548616338576,0.009951167469577166,0.0009951167469577167
12.677,14.404188356911753,0.009951146826311558,0.0009951146826311559
17.446,14.434457809640687,0.009951126591849664,0.0009951126591849664
15.478,14.444842209383529,0.00995110675809504,0.000995110675809504
12.326,14.423757425546771,0.009951087317111626,0.0009951087317111628
14.019,14.41972965677596,0.009951068261120567,0.0009951068261120567
12.649,14.402109038164184,0.009951049582497094,0.0009951049582497095
11.634,14.374563498556213,0.009951031273767478,0.0009951031273767478
16.252,14.393245894203815,0.009951013327606034,0.0009951013327606033
18.219,14.431315957000761,0.009950995736832181,0.0009950995736832183
11.603,14.403171445737257,0.009950978494407584,0.0009950978494407583
15.526,14.414344669556735,0.009950961593433309,0.0009950961593433308
13.099,14.401255747058226,0.009950945027147088,0.0009950945027147088
13.426,14.391551046568264,0.009950928788920592,0.0009950928788920593
13.215,14.3798432896141,0.009950912872256787,0.0009950912872256788
12.672,14.362848716484548,0.009950897270787327,0.0009950897270787327
14.497,14.364183640074044,0.009950881978270007,0.0009950881978270007
12.738,14.348001702972653,0.009950866988586262,0.0009950866988586264
14.941,14.353902541437996,0.009950852295738727,0.0009950852295738727
14.3,14.353366165986081,0.009950837893848812,0.0009950837893848814
13.922,14.349073717284927,0.009950823777154378,0.000995082377715438
12.585,14.331519755004063,0.009950809940007408,0.0009950809940007408
13.246,14.320717968958945,0.009950796376871756,0.0009950796376871757
15.911,14.336542520489548,0.009950783082320929,0.000995078308232093
15.402,14.347144642867313,0.009950770051035911,0.0009950770051035912
12.445,14.328216863218866,0.00995075727780304,0.0009950757277803041
14.599,14.330911357097614,0.009950744757511917,0.0009950744757511918
15.903,14.346554790626083,0.009950732485153359,0.0009950732485153359
11.061,14.313861153362291,0.009950720455817394,0.0009950720455817396
15.487,14.325534716248415,0.009950708664691303,0.0009950708664691304
13.075,14.313091024065166,0.00995069710705768,0.0009950697107057682
15.541,14.325309560449039,0.009950685778292556,0.0009950685778292558
12.873,14.31085810048727,0.009950674673863541,0.000995067467386354
10.79,14.275823225279389,0.009950663789328011,0.0009950663789328011
11.145,14.244669489383556,0.009950653120331334,0.0009950653120331333
14.496,14.24717038948491,0.00995064266260512,0.0009950642662605118
14.919,14.25385551898262,0.009950632411965516,0.0009950632411965517
12.591,14.237309071666813,0.009950622364311539,0.0009950622364311539
15.677,14.251634878236914,0.009950612515623415,0.0009950612515623415
11.077,14.220045347331848,0.009950602861960992,0.0009950602861960992
14.268,14.220522524582162,0.009950593399462148,0.0009950593399462148
11.978,14.198208115550576,0.009950584124341251,0.000995058412434125
13.096,14.187240510994933,0.009950575032887644,0.0009950575032887643
14.495,14.190302892139785,0.009950566121464157,0.0009950566121464158
12.679,14.175264585983156,0.00995055738650566,0.000995055738650566
13.631,14.169848854646874,0.00995054882451762,0.0009950548824517618
16.413,14.192169420813965,0.009950540432074715,0.0009950540432074714
13.246,14.182754531519993,0.009950532205819464,0.0009950532205819465
16.071,14.201543563640996,0.009950524142460877,0.0009950524142460877
12.141,14.181040091450287,0.009950516238773138,0.0009950516238773138
15.46,14.19376639288072,0.00995050849159432,0.000995050849159432
17.283,14.224505814661953,0.00995050089782511,0.0009950500897825112
9.457,14.177066779259214,0.009950493454427585,0.0009950493454427586
12.806,14.16342399824992,0.009950486158423973,0.0009950486158423974
15.554,14.177260895562826,0.009950479006895482,0.0009950479006895483
13.994,14.175437363153387,0.009950471996981123,0.0009950471996981124
15.142,14.185055110963305,0.009950465125876565,0.0009950465125876564
13.192,14.17517375740186,0.00995045839083301,0.0009950458390833013
14.573,14.179132308249294,0.00995045178915611,0.000995045178915611
14.089,14.178235451644655,0.009950445318204857,0.000995044531820486
16.736,14.203686331696483,0.009950438975390562,0.0009950438975390562
14.909,14.21070450792636,0.00995043275817579,0.000995043275817579
15.075,14.219304616836329,0.00995042666407336,0.0009950426664073362
13.576,14.212903465266573,0.009950420690645353,0.0009950420690645354
13.425,14.205063498936841,0.009950414835502118,0.000995041483550212
13.535,14.19839609300192,0.009950409096301337,0.0009950409096301338
15.189,14.20825300155625,0.009950403470747073,0.0009950403470747073
13.558,14.201782725418298,0.009950397956588858,0.0009950397956588859
14.98,14.209526292790837,0.009950392551620791,0.0009950392551620793
18.551,14.252725637429242,0.009950387253680658,0.0009950387253680657
16.142,14.27152463915421,0.009950382060649056,0.0009950382060649058
13.748,14.266315371641307,0.009950376970448566,0.0009950376970448566
16.802,14.291546376920088,0.009950371981042896,0.0009950371981042895
13.584,14.284506030736225,0.009950367090436086,0.0009950367090436085
10.324,14.245097560852246,0.0099503622966717,0.00099503622966717
12.384,14.226578974597313,0.009950357597832048,0.000995035759783205
10.658,14.191070354120107,0.009950352992037415,0.0009950352992037414
13.697,14.186154181924238,0.009950348477445307,0.0009950348477445307
14.437,14.18865018411816,0.009950344052249722,0.0009950344052249722
17.753,14.224116675648142,0.00995033971468042,0.000995033971468042
15.054,14.232374293120595,0.009950335463002216,0.0009950335463002216
13.962,14.229683979330254,0.009950331295514288,0.0009950331295514288
16.059,14.247886272307419,0.009950327210549495,0.0009950327210549496
9.978,14.205399523843075,0.00995032320647371,0.0009950323206473711
14.871,14.212022461094879,0.009950319281685167,0.0009950319281685168
15.942,14.229236283301782,0.009950315434613818,0.000995031543461382
11.443,14.201512363914162,0.00995031166372071,0.000995031166372071
16.688,14.22625368165059,0.009950307967497359,0.000995030796749736
15.077,14.234718866438099,0.009950304344465156,0.0009950304344465157
13.569,14.228094763473349,0.009950300793174778,0.0009950300793174778
15.666,14.242402348083566,0.009950297312205593,0.0009950297312205593
18.941,14.28915477563876,0.009950293900165108,0.0009950293900165108
14.764,14.293879623590136,0.009950290555688402,0.0009950290555688403
14.896,14.299870894311013,0.009950287277437584,0.0009950287277437585
13.481,14.291722896300794,0.009950284064101258,0.0009950284064101258
12.7,14.275884806344727,0.009950280914393993,0.0009950280914393995
16.061,14.293647198474895,0.009950277827055817,0.0009950277827055819
12.688,14.277670567616852,0.009950274800851706,0.0009950274800851707
14.543,14.280310667594776,0.009950271834571093,0.0009950271834571094
13.445,14.271999101814593,0.009950268927027382,0.0009950268927027383
15.358,14.282805099711462,0.009950266077057478,0.0009950266077057477
15.067,14.290608045434928,0.009950263283521311,0.0009950263283521313
16.475,14.31234331451591,0.009950260545301398,0.00099502605453014
13.38,14.303066258121216,0.009950257861302377,0.0009950257861302378
13.86,14.29865763576891,0.009950255230450577,0.0009950255230450576
12.442,14.280183423205314,0.009950252651693588,0.0009950252651693588
13.511,14.272529855753186,0.009950250123999842,0.0009950250123999843
15.155,14.28131065222896,0.009950247646358202,0.0009950247646358203
15.914,14.297556311603735,0.009950245217777548,0.0009950245217777549
12.556,14.28022740338847,0.009950242837286386,0.0009950242837286386
16.139,14.298722637766874,0.00995024050393246,0.0009950240503932462
17.111,14.326705467452758,0.009950238216782379,0.0009950238216782379
15.227,14.335663610498534,0.009950235974921222,0.0009950235974921222
18.154,14.373656950215025,0.009950233777452196,0.0009950233777452197
12.852,14.358516111108884,0.009950231623496262,0.0009950231623496262
11.911,14.334162764068564,0.009950229512191785,0.0009950229512191786
10.843,14.299424900526617,0.0099502274426942,0.00099502274426942
17.392,14.330196719876644,0.009950225414175659,0.0009950225414175659
15.709,14.343916120574132,0.009950223425824708,0.000995022342582471
14.289,14.34336969301177,0.009950221476845968,0.000995022147684597
14.96,14.349505299957636,0.009950219566459802,0.0009950219566459801
12.149,14.327609793186472,0.009950217693902013,0.0009950217693902013
19.292,14.37700654734971,0.00995021585842354,0.000995021585842354
14.658,14.37980249235284,0.009950214059290153,0.0009950214059290152
14.619,14.38218255833455,0.009950212295782159,0.000995021229578216
15.852,14.396807551374456,0.009950210567194124,0.0009950210567194124
15.362,14.406411417840763,0.009950208872834572,0.0009950208872834573
14.848,14.410805315735713,0.00995020721202573,0.000995020721202573
12.819,14.394966525594274,0.009950205584103236,0.0009950205584103237
15.343,14.404399652052458,0.009950203988415894,0.0009950203988415894
18.164,14.4418084365491,0.009950202424325393,0.0009950202424325394
17.091,14.468168424804725,0.00995020089120607,0.000995020089120607
17.586,14.499191470637507,0.009950199388444646,0.0009950199388444646
13.378,14.48803539360356,0.009950197915439987,0.000995019791543999
12.421,14.467467985323449,0.009950196471602868,0.0009950196471602867
14.148,14.464289216555219,0.009950195056355719,0.000995019505635572
14.511,14.464753997896931,0.009950193669132423,0.0009950193669132424
16.588,14.485880703937974,0.009950192309378061,0.0009950192309378062
11.015,14.451344778076974,0.00995019097654871,0.000995019097654871
17.459,14.481271517997408,0.00995018967011121,0.000995018967011121
14.084,14.477318591551533,0.009950188389542964,0.0009950188389542965
13.546,14.468051797283913,0.009950187134331726,0.0009950187134331724
12.376,14.447235492980193,0.009950185903975383,0.0009950185903975382
11.09,14.41383037975042,0.009950184697981774,0.0009950184697981774
16.046,14.43007076700093,0.009950183515868481,0.0009950183515868483
14.547,14.431234234192154,0.00995018235716264,0.000995018235716264
11.82,14.405251980350416,0.009950181221400747,0.0009950181221400748
11.81,14.379428755719951,0.00995018010812848,0.000995018010812848
13.728,14.37294692298378,0.00995017901690051,0.000995017901690051
17.738,14.406429799902135,0.009950177947280326,0.0009950177947280327
13.881,14.401201680445187,0.009950176898840066,0.0009950176898840066
11.394,14.371279494844709,0.009950175871160335,0.0009950175871160335
13.909,14.36667973303504,0.009950174863830043,0.0009950174863830044
13.855,14.361588430722287,0.009950173876446245,0.0009950173876446245
9.006,14.308299399809227,0.009950172908613969,0.000995017290861397
14.291,14.308127267806322,0.00995017195994607,0.000995017195994607
13.938,14.304444438188758,0.009950171030063062,0.0009950171030063063
15.792,14.31924586908964,0.00995017011859298,0.0009950170118592982
18.098,14.356845112152513,0.009950169225171222,0.0009950169225171224
16.653,14.379692239842987,0.009950168349440406,0.0009950168349440406
13.862,14.374541115347732,0.009950167491050222,0.0009950167491050222
12.187,14.352774716697045,0.009950166649657304,0.0009950166649657305
19.547,14.404458119597928,0.009950165824925084,0.0009950165824925085
14.518,14.405587880044216,0.009950165016523653,0.0009950165016523653
14.428,14.405810884318386,0.00995016422412964,0.000995016422412964
14.352,14.405275457224167,0.009950163447426077,0.0009950163447426078
14.796,14.40916322999024,0.009950162686102269,0.000995016268610227
14.111,14.406196457567328,0.009950161939853677,0.0009950161939853677
13.253,14.394721966909598,0.00995016120838179,0.0009950161208381791
13.306,14.383889008608342,0.00995016049139401,0.0009950160491394011
14.334,14.383392605000994,0.009950159788603532,0.0009950159788603532
13.313,14.37274202828206,0.009950159099729225,0.0009950159099729227
12.974,14.358824323505653,0.009950158424495535,0.0009950158424495536
14.613,14.361353411586196,0.009950157762632356,0.0009950157762632357
13.89,14.356663371084752,0.009950157113874935,0.0009950157113874935
17.408,14.387024648009401,0.009950156477963759,0.000995015647796376
9.098,14.334398028442651,0.009950155854644456,0.0009950155854644455
16.583,14.356771967140864,0.009950155243667687,0.0009950155243667687
16.892,14.381997878127617,0.009950154644789055,0.0009950154644789056
10.253,14.340913713136047,0.009950154057769,0.0009950154057769003
13.715,14.33468577562362,0.009950153482372711,0.000995015348237271
13.657,14.327942698525561,0.009950152918370012,0.0009950152918370013
11.585,14.3006500007453,0.009950152365535302,0.0009950152365535302
12.844,14.286156112083969,0.009950151823647436,0.0009950151823647437
12.179,14.26518958997184,0.009950151292489653,0.0009950151292489654
17.905,14.301406252332567,0.009950150771849483,0.0009950150771849485
16.271,14.321004006076006,0.009950150261518664,0.0009950150261518664
16.943,14.34709325888906,0.009950149761293055,0.0009950149761293054
15.843,14.361977754258568,0.009950149270972559,0.000995014927097256
12.142,14.339888645292405,0.009950148790361043,0.0009950148790361043
13.351,14.330049056600506,0.009950148319266256,0.0009950148319266257
15.379,14.340486273582595,0.009950147857499755,0.0009950147857499755
11.956,14.316760283675542,0.009950147404876824,0.0009950147404876825
15.826,14.331777440652676,0.009950146961216412,0.0009950146961216412
13.919,14.327670244635414,0.009950146526341047,0.0009950146526341048
13.65,14.320927326693617,0.009950146100076775,0.0009950146100076774
15.822,14.335863218472666,0.009950145682253083,0.0009950145682253084
15.289,14.345347067913618,0.009950145272702838,0.0009950145272702839
13.678,14.338706867908465,0.009950144871262214,0.0009950144871262215
16.719,14.362391128472222,0.00995014447777063,0.000995014447777063
12.238,14.341253130636007,0.009950144092070684,0.0009950144092070684
15.632,14.354096247484584,0.00995014371400809,0.0009950143714008092
15.586,14.366353866407424,0.009950143343431623,0.0009950143343431623
13.781,14.360529511742662,0.009950142980193043,0.0009950142980193043
15.052,14.367409741721211,0.009950142624147052,0.0009950142624147052
11.898,14.34283876345544,0.009950142275151227,0.0009950142275151226
16.248,14.361795388164433,0.009950141933065966,0.0009950141933065964
14.03,14.358493977070715,0.009950141597754428,0.0009950141597754429
13.355,14.348509070236188,0.00995014126908249,0.0009950141269082491
16.498,14.369896807951461,0.009950140946918677,0.0009950140946918676
12.991,14.356176590796522,0.009950140631134117,0.0009950140631134116
11.583,14.328583094581514,0.009950140321602493,0.0009950140321602493
11.287,14.298318916913438,0.009950140018199992,0.0009950140018199992
15.612,14.311390227238729,0.009950139720805246,0.0009950139720805247
11.839,14.286789599754066,0.009950139429299296,0.0009950139429299296
17.91,14.322841047382926,0.009950139143565533,0.0009950139143565532
10.236,14.282176411448457,0.009950138863489662,0.0009950138863489663
17.793,14.317109592715934,0.009950138588959651,0.000995013858895965
14.822,14.322133322104783,0.009950138319865682,0.0009950138319865683
14.207,14.320987729654982,0.009950138056100118,0.0009950138056100117
13.31,14.310928262433276,0.009950137797557445,0.0009950137797557445
15.198,14.319754748233578,0.009950137544134246,0.0009950137544134246
14.325,14.319806939208805,0.009950137295729149,0.0009950137295729148
16.607,14.342564823628615,0.009950137052242786,0.0009950137052242786
14.628,14.345404942684919,0.009950136813577763,0.0009950136813577763
14.701,14.34894316207225,0.00995013657963861,0.000995013657963861
13.673,14.342217435444557,0.009950136350331748,0.000995013635033175
14.286,14.341658064309254,0.009950136125565456,0.0009950136125565455
15.016,14.348367858215985,0.009950135905249818,0.0009950135905249819
10.98,14.31485214097527,0.00995013568929671,0.000995013568929671
11.704,14.288873808460533,0.009950135477619746,0.0009950135477619748
15.887,14.304775380245095,0.009950135270134256,0.0009950135270134256
14.742,14.309125824266168,0.00995013506675724,0.000995013506675724
14.032,14.306368384939478,0.009950134867407345,0.0009950134867407346
14.437,14.307668187101752,0.009950134672004831,0.0009950134672004833
15.095,14.315502244520843,0.009950134480471535,0.0009950134480471535
13.32,14.305596863499145,0.009950134292730839,0.000995013429273084
12.843,14.291043828560355,0.009950134108707646,0.0009950134108707646
14.792,14.296028409558401,0.009950133928328343,0.0009950133928328345
12.443,14.277590529037926,0.009950133751520781,0.0009950133751520781
15.217,14.286937778758638,0.00995013357821423,0.000995013357821423
10.995,14.254182558688036,0.009950133408339367,0.0009950133408339367
16.458,14.276110835869755,0.00995013324182824,0.0009950133241828241
15.345,14.286746425299139,0.009950133078614245,0.0009950133078614246
14.912,14.292967781475262,0.009950132918632093,0.0009950132918632093
16.365,14.313584777136347,0.009950132761817788,0.000995013276181779
17.731,14.34758851178081,0.009950132608108606,0.0009950132608108606
16.429,14.368298831787035,0.009950132457443058,0.0009950132457443059
10.718,14.331977875440588,0.009950132309760877,0.000995013230976088
11.841,14.307192316359856,0.009950132165002993,0.0009950132165002993
13.15,14.295678100035946,0.009950132023111494,0.0009950132023111495
14.452,14.297233523556951,0.009950131884029625,0.0009950131884029626
15.435,14.308554449895677,0.009950131747701754,0.0009950131747701754
12.949,14.295026704182716,0.009950131614073345,0.0009950131614073344
14.774,14.299792551452986,0.009950131483090945,0.0009950131483090945
12.889,14.285754980251793,0.009950131354702161,0.0009950131354702163
13.177,14.274722722697641,0.00995013122885564,0.000995013122885564
11.587,14.247979529231566,0.009950131105501036,0.0009950131105501037
12.554,14.2311242110305,0.009950130984589009,0.000995013098458901
11.697,14.205909343499867,0.009950130866071192,0.0009950130866071194
12.448,14.188417915685571,0.009950130749900176,0.0009950130749900178
16.507,14.211488110314857,0.009950130636029494,0.0009950130636029494
12.501,14.194468530356767,0.009950130524413592,0.0009950130524413593
19.665,14.248901031919122,0.009950130415007826,0.0009950130415007827
15.387,14.260225264954663,0.009950130307768432,0.0009950130307768432
14.77,14.265297589942387,0.009950130202652513,0.0009950130202652512
12.683,14.249553523066147,0.009950130099618018,0.0009950130099618019
15.801,14.264990617197546,0.009950129998623738,0.0009950129998623739
13.249,14.254881378579626,0.00995012989962927,0.0009950129899629272
14.644,14.258753159371365,0.009950129802595018,0.000995012980259502
19.52,14.3111032478587,0.009950129707482167,0.0009950129707482168
14.208,14.310077357178855,0.00995012961425267,0.0009950129614252669
16.699,14.33384744689504,0.009950129522869229,0.0009950129522869231
12.994,14.320515791377565,0.0099501294332953,0.00099501294332953
14.33,14.320610160480097,0.009950129345495044,0.0009950129345495044
17.942,14.356643457482118,0.009950129259433343,0.0009950129259433344
13.146,14.34459739869521,0.009950129175075774,0.0009950129175075773
18.025,14.381217879690157,0.009950129092388587,0.0009950129092388589
15.816,14.395494146890401,0.009950129011338713,0.0009950129011338715
13.275,14.38434508566141,0.009950128931893728,0.000995012893189373
15.665,14.397087767076615,0.009950128854021854,0.0009950128854021854
16.345,14.416469744641844,0.00995012877769194,0.000995012877769194
15.644,14.42868382866933,0.009950128702873451,0.0009950128702873452
11.26,14.397155016987739,0.009950128629536465,0.0009950128629536465
12.946,14.38271583801163,0.009950128557651641,0.0009950128557651642
13.905,14.377962504043047,0.009950128487190228,0.0009950128487190228
14.251,14.376699210823533,0.009950128418124038,0.0009950128418124038
15.641,14.389279165949382,0.009950128350425446,0.0009950128350425446
14.755,14.392918135164342,0.00995012828406737,0.000995012828406737
11.729,14.366411808154476,0.009950128219023269,0.0009950128219023268
15.16,14.374308112365846,0.00995012815526712,0.0009950128155267121
15.621,14.386712856340027,0.009950128092773423,0.0009950128092773426
15.52,14.397989208515916,0.009950128031517182,0.0009950128031517183
16.562,14.419521392822833,0.00995012797147389,0.000995012797147389
16.068,14.435923965825463,0.00995012791261953,0.000995012791261953
15.318,14.44470073514327,0.00995012785493056,0.000995012785493056
14.26,14.442862939224138,0.009950127798383902,0.0009950127798383902
11.078,14.409382123141317,0.00995012774295694,0.0009950127742956942
15.259,14.417835929502601,0.009950127688627502,0.0009950127688627504
14.815,14.421787762696235,0.009950127635373856,0.0009950127635373856
14.943,14.42697389095532,0.009950127583174696,0.0009950127583174698
11.847,14.401302821711061,0.009950127532009146,0.0009950127532009146
12.238,14.379777682853176,0.009950127481856736,0.0009950127481856738
16.506,14.400933865859031,0.009950127432697409,0.0009950127432697409
14.321,14.400138513711397,0.009950127384511497,0.0009950127384511496
15.763,14.413699159043043,0.009950127337279725,0.0009950127337279725
14.457,14.414130007922372,0.0099501272909832,0.0009950127290983201
14.46,14.4145864201803,0.009950127245603407,0.0009950127245603407
16.277,14.433117672200602,0.00995012720112219,0.000995012720112219
13.368,14.422519615924482,0.009950127157521756,0.0009950127157521756
14.592,14.424205967289497,0.009950127114784664,0.0009950127114784664
13.475,14.414761247296617,0.00995012707289382,0.0009950127072893822
13.531,14.405967710620205,0.00995012703183247,0.000995012703183247
13.782,14.399759152660886,0.009950126991584185,0.0009950126991584184
14.844,14.404179405489234,0.009950126952132864,0.0009950126952132864
13.443,14.39461554841801,0.00995012691346273,0.000995012691346273
16.912,14.419663843105809,0.009950126875558312,0.0009950126875558313
12.611,14.40166740845887,0.00995012683840445,0.000995012683840445
14.026,14.39792947010933,0.00995012680198628,0.000995012680198628
13.521,14.389203910716647,0.009950126766289235,0.0009950126766289237
17.294,14.418106999933599,0.009950126731299039,0.0009950126731299038
14.793,14.421837232782078,0.009950126697001689,0.000995012669700169
16.464,14.442157010983141,0.009950126663383472,0.0009950126663383471
11.429,14.41217571716649,0.009950126630430935,0.0009950126630430935
14.934,14.417367934842662,0.0099501265981309,0.00099501265981309
16.179,14.43489639685453,0.009950126566470445,0.0009950126566470447
14.565,14.436190944168544,0.00995012653543691,0.000995012653543691
16.531,14.457034559277924,0.009950126505017875,0.0009950126505017874
13.365,14.446168677297818,0.009950126475201174,0.0009950126475201174
17.219,14.473758699572064,0.009950126445974882,0.0009950126445974882
18.998,14.518775472453816,0.009950126417327308,0.0009950126417327307
13.674,14.510369849732365,0.00995012638924699,0.0009950126389246992
13.509,14.500406093192709,0.009950126361722699,0.00099501263617227
17.307,14.528332057135762,0.009950126334743424,0.0009950126334743424
17.559,14.558487585965771,0.009950126308298371,0.0009950126308298371
13.354,14.546502782379857,0.009950126282376964,0.0009950126282376962
13.56,14.536686955142326,0.00995012625696883,0.0009950126256968832
13.836,14.529715031489499,0.009950126232063813,0.0009950126232063812
11.711,14.501668461182772,0.009950126207651944,0.0009950126207651944
12.563,14.4823784653656,0.009950126183723462,0.0009950126183723461
12.392,14.461578935912502,0.009950126160268791,0.0009950126160268792
12.864,14.445682823985914,0.009950126137278555,0.0009950126137278556
14.331,14.444541715424059,0.009950126114743553,0.0009950126114743555
14.868,14.448755178750568,0.009950126092654773,0.0009950126092654775
17.501,14.479125399521568,0.009950126071003379,0.0009950126071003379
12.403,14.458467690101177,0.009950126049780707,0.0009950126049780707
16.369,14.477477727367106,0.009950126028978271,0.0009950126028978271
13.972,14.472448160285268,0.009950126008587749,0.000995012600858775
14.301,14.470742229489915,0.009950125988600986,0.0009950125988600986
15.75,14.483471005453325,0.009950125969009986,0.0009950125969009987
12.155,14.46030242567859,0.00995012594980691,0.0009950125949806912
15.165,14.467314255286347,0.009950125930984082,0.0009950125930984083
14.733,14.469957861899413,0.00995012591253397,0.000995012591253397
15.385,14.47906264637224,0.00995012589444919,0.000995012589444919
14.978,14.484027135845436,0.009950125876722513,0.0009950125876722513
19.311,14.532056123363425,0.009950125859346844,0.0009950125859346846
13.125,14.518055737868758,0.009950125842315237,0.0009950125842315238
13.338,14.506314034795718,0.009950125825620878,0.0009950125825620877
13.154,14.492858340015877,0.009950125809257086,0.0009950125809257086
13.289,14.480879798095504,0.009950125793217317,0.0009950125793217318
13.125,14.46738862356529,0.009950125777495157,0.0009950125777495157
16.778,14.490379497348117,0.009950125762084315,0.0009950125762084316
17.241,14.517748517231722,0.009950125746978629,0.0009950125746978628
13.259,14.50522381122008,0.009950125732172051,0.0009950125732172052
12.735,14.487609861750048,0.009950125717658664,0.0009950125717658664
15.343,14.496121101151111,0.009950125703432658,0.0009950125703432659
13.296,14.48417974535205,0.009950125689488346,0.0009950125689488346
15.666,14.495939005412026,0.009950125675820149,0.000995012567582015
14.806,14.499024151271191,0.0099501256624226,0.00099501256624226
11.369,14.467880017680729,0.00995012564929034,0.0009950125649290339
17.495,14.498000241821318,0.009950125636418112,0.0009950125636418112
17.992,14.532765978344726,0.00995012562380077,0.000995012562380077
13.174,14.519246086183653,0.009950125611433268,0.0009950125611433269
13.625,14.510348225309434,0.009950125599310659,0.000995012559931066
14.972,14.514941718445264,0.009950125587428093,0.0009950125587428092
15.069,14.520454667923035,0.009950125575780813,0.0009950125575780816
15.717,14.532360444220656,0.009950125564364169,0.0009950125564364169
18.42,14.571042945906145,0.009950125553173586,0.0009950125553173587
14.046,14.56581870267933,0.009950125542204591,0.0009950125542204592
12.803,14.548278435298478,0.009950125531452796,0.0009950125531452796
11.641,14.519350649943012,0.009950125520913898,0.00099501255209139
12.938,14.503616012499837,0.009950125510583685,0.0009950125510583686
14.334,14.501928311888577,0.009950125500458025,0.0009950125500458023
17.989,14.53662511277977,0.009950125490532861,0.000995012549053286
13.365,14.52496729589115,0.009950125480804229,0.000995012548080423
14.848,14.528181511828356,0.009950125471268237,0.0009950125471268239
14.367,14.52657773556352,0.00995012546192107,0.0009950125461921071
16.777,14.548969719416347,0.009950125452758989,0.000995012545275899
19.454,14.597775386013685,0.009950125443778329,0.000995012544377833
13.338,14.585240462902954,0.009950125434975495,0.0009950125434975497
13.421,14.573656124270641,0.00995012542634697,0.0009950125426346971
16.488,14.592704085927117,0.0099501254178893,0.00099501254178893
15.764,14.604358627163894,0.009950125409599102,0.0009950125409599103
18.093,14.63907104630438,0.00995012540147306,0.0009950125401473062
15.568,14.648314005875312,0.009950125393507927,0.0009950125393507925
13.681,14.638689110229508,0.009950125385700509,0.000995012538570051
15.581,14.648065221727824,0.00995012537804769,0.000995012537804769
16.617,14.667656369618062,0.009950125370546405,0.0009950125370546405
16.041,14.681321310907105,0.009950125363193656,0.0009950125363193656
15.415,14.688621505834595,0.0099501253559865,0.00099501253559865
16.533,14.706973303042396,0.009950125348922055,0.0009950125348922056
16.739,14.72719222337541,0.009950125341997495,0.0009950125341997495
17.164,14.751438766170638,0.009950125335210048,0.000995012533521005
15.697,14.760847218953066,0.009950125328557003,0.0009950125328557003
14.066,14.753933402044815,0.009950125322035696,0.0009950125322035696
14.693,14.753327107058562,0.009950125315643519,0.000995012531564352
16.813,14.773821110439657,0.009950125309377916,0.0009950125309377915
12.766,14.7538430388043,0.009950125303236378,0.0009950125303236378
15.137,14.757655498576698,0.009950125297216452,0.000995012529721645
13.613,14.746266032950466,0.009950125291315724,0.0009950125291315725
14.457,14.74338779968176,0.009950125285531842,0.0009950125285531843
16.957,14.765413518395958,0.009950125279862486,0.0009950125279862487
14.782,14.765578555965778,0.009950125274305392,0.0009950125274305391
14.493,14.762866365188314,0.009950125268858332,0.0009950125268858333
11.68,14.732191458684001,0.009950125263519132,0.0009950125263519134
15.893,14.743741649070984,0.009950125258285657,0.0009950125258285658
15.691,14.753166988309825,0.009950125253155811,0.000995012525315581
18.727,14.792707124491287,0.00995012524812754,0.000995012524812754
13.784,14.782670362268892,0.009950125243198837,0.0009950125243198837
14.838,14.78322089909371,0.009950125238367727,0.0009950125238367728
14.899,14.784372915647165,0.009950125233632279,0.0009950125233632282
17.555,14.811941002099308,0.009950125228990601,0.0009950125228990602
14.209,14.80594166362547,0.009950125224440833,0.0009950125224440834
14.958,14.80745466311314,0.009950125219981155,0.0009950125219981157
15.616,14.815499790457661,0.009950125215609788,0.0009950125215609786
14.773,14.815076912221151,0.009950125211324974,0.0009950125211324974
13.507,14.802061383164002,0.009950125207125007,0.0009950125207125007
14.788,14.801921470640993,0.009950125203008203,0.0009950125203008204
16.547,14.819285220490155,0.00995012519897292,0.000995012519897292
12.347,14.794685673028486,0.00995012519501754,0.0009950125195017539
14.666,14.793405234471546,0.009950125191140477,0.000995012519114048
13.0,14.775560627876922,0.009950125187340191,0.000995012518734019
16.79,14.79560455180435,0.009950125183615151,0.0009950125183615151
11.354,14.761360155693964,0.009950125179963873,0.0009950125179963873
13.282,14.746640336963853,0.009950125176384895,0.0009950125176384893
15.154,14.750693616601444,0.009950125172876783,0.0009950125172876784
17.531,14.778358013125647,0.009950125169438138,0.000995012516943814
14.268,14.77327988701554,0.009950125166067582,0.0009950125166067582
13.29,14.758521066488326,0.009950125162763768,0.0009950125162763769
18.162,14.792386107854576,0.009950125159525373,0.0009950125159525374
11.504,14.759666254519017,0.009950125156351103,0.0009950125156351103
10.002,14.712326879849208,0.009950125153239687,0.0009950125153239688
15.28,14.717975298439107,0.009950125150189882,0.0009950125150189882
13.396,14.70482147877813,0.009950125147200466,0.0009950125147200465
12.358,14.681470311373028,0.009950125144270242,0.0009950125144270242
15.817,14.692768973876639,0.009950125141398041,0.0009950125141398043
14.888,14.6947115470175,0.009950125138582715,0.0009950125138582717
13.272,14.680555389092495,0.009950125135823136,0.0009950125135823136
11.839,14.652281557398338,0.0099501251331182,0.00099501251331182
16.145,14.66713429268678,0.009950125130466822,0.0009950125130466824
15.7,14.67741143571483,0.009950125127867948,0.0009950125127867948
14.202,14.67268103244346,0.009950125125320532,0.0009950125125320535
18.093,14.706713634130615,0.009950125122823561,0.0009950125122823563
12.26,14.682368527337285,0.009950125120376033,0.0009950125120376033
11.349,14.649201093425953,0.009950125117976967,0.0009950125117976969
13.016,14.632950538207389,0.009950125115625407,0.0009950125115625408
14.309,14.629727189821699,0.009950125113320411,0.0009950125113320411
14.887,14.632287086470647,0.009950125111061055,0.0009950125111061058
13.918,14.625179840596632,0.009950125108846441,0.0009950125108846442
15.104,14.629944161086293,0.009950125106675678,0.0009950125106675679
11.897,14.60275102477974,0.009950125104547899,0.00099501251045479
17.288,14.629469588014441,0.009950125102462251,0.0009950125102462252
14.236,14.625554516390487,0.009950125100417904,0.0009950125100417902
16.635,14.645548750330844,0.009950125098414033,0.0009950125098414032
15.085,14.649921345238843,0.009950125096449842,0.0009950125096449842
15.314,14.65652901092632,0.009950125094524545,0.0009950125094524546
15.54,14.66531965778332,0.009950125092637372,0.0009950125092637373
15.295,14.671585055955585,0.009950125090787567,0.0009950125090787568
15.685,14.681668661415863,0.009950125088974391,0.0009950125088974391
17.058,14.7053134554834,0.009950125087197118,0.0009950125087197117
14.793,14.706185947569653,0.009950125085455036,0.0009950125085455036
15.818,14.717248636461203,0.00995012508374745,0.000995012508374745
14.221,14.712310900456606,0.009950125082073677,0.0009950125082073677
17.28,14.737859728164727,0.009950125080433046,0.0009950125080433047
13.047,14.72103546237874,0.009950125078824902,0.0009950125078824904
18.002,14.753681469902089,0.009950125077248604,0.0009950125077248604
14.32,14.749366285033549,0.009950125075703515,0.0009950125075703516
11.538,14.71741278883843,0.009950125074189024,0.0009950125074189022
14.656,14.716801723908425,0.009950125072704518,0.0009950125072704518
13.038,14.700097436785708,0.009950125071249408,0.0009950125071249408
16.081,14.71383758999893,0.009950125069823111,0.0009950125069823111
13.095,14.697729953512972,0.009950125068425056,0.0009950125068425057
13.508,14.685891991679497,0.009950125067054685,0.0009950125067054686
10.621,14.645445807983677,0.009950125065711449,0.000995012506571145
13.495,14.633998728314431,0.009950125064394811,0.0009950125064394813
9.552,14.583432205397166,0.009950125063104245,0.0009950125063104246
11.232,14.550085035817188,0.009950125061839234,0.0009950125061839233
15.921,14.563725811158255,0.00995012506059927,0.000995012506059927
15.972,14.577738315455132,0.00995012505938386,0.000995012505938386
15.251,14.584437353413243,0.009950125058192516,0.0009950125058192517
12.466,14.56335863682131,0.009950125057024764,0.0009950125057024764
14.305,14.560787936075672,0.009950125055880133,0.0009950125055880133
14.393,14.55911842512904,0.009950125054758166,0.0009950125054758168
12.083,14.534480737151338,0.009950125053658419,0.0009950125053658418
17.407,14.563062663032628,0.009950125052580444,0.0009950125052580446
16.155,14.578902638609643,0.009950125051523817,0.000995012505152382
13.958,14.572724579711299,0.009950125050488114,0.0009950125050488113
14.454,14.571543255296724,0.009950125049472916,0.0009950125049472916
14.817,14.573985580600514,0.009950125048477821,0.0009950125048477823
10.317,14.531628041748125,0.009950125047502431,0.000995012504750243
13.906,14.525402964500104,0.009950125046546354,0.0009950125046546356
13.036,14.510583218760027,0.00995012504560921,0.000995012504560921
12.397,14.489552801441006,0.009950125044690622,0.0009950125044690622
13.838,14.483069769594035,0.009950125043790222,0.0009950125043790223
17.995,14.518013914528542,0.009950125042907652,0.0009950125042907654
15.682,14.52959572162618,0.00995012504204256,0.000995012504204256
13.258,14.516943185194151,0.009950125041194595,0.0009950125041194595
15.545,14.527172479050067,0.009950125040363422,0.0009950125040363422
